date,count,uniques
2026-06-03,70,29
2026-06-04,106,37
2026-06-05,96,43
2026-06-06,49,22
2026-06-07,47,20
2026-06-08,68,40
2026-06-09,99,45
2026-06-10,115,36
2026-06-11,69,30
2026-06-12,122,41
2026-06-13,73,31
2026-06-14,71,27
2026-06-15,128,41
2026-06-16,91,36
2026-06-17,102,39
2026-06-18,81,33
2026-06-19,37,22
2026-06-20,59,29
2026-06-21,50,25
2026-06-22,83,41
2026-06-23,52,28
2026-06-24,96,39
2026-06-25,59,31
2026-06-26,64,35
2026-06-27,129,48
2026-06-28,155,73
2026-06-29,253,120
2026-06-30,321,144
2026-07-01,446,159
2026-07-02,265,113
2026-07-03,463,184
2026-07-04,351,136
2026-07-05,377,141
2026-07-06,189,105
2026-07-07,175,98
2026-07-08,218,111
2026-07-09,347,123
2026-07-10,258,109
2026-07-11,231,103
2026-07-12,256,118
2026-07-13,422,135
2026-07-14,276,125
2026-07-15,256,112
2026-07-16,320,125
2026-07-17,316,133
2026-07-18,475,198
2026-07-19,485,184
2026-07-20,427,180
2026-07-21,367,166
2026-07-22,356,149
2026-07-23,413,167
2026-07-24,452,182
2026-07-25,412,158
2026-07-26,548,151
2026-07-27,375,141
2026-07-28,377,155
2026-07-29,373,152
2026-07-30,384,154
2026-07-31,476,166
2026-08-01,462,168
2026-08-02,502,173
2026-08-03,548,170
2026-08-04,485,161
2026-08-05,465,155
2026-08-06,438,169
2026-08-07,651,184
2026-08-08,404,145
2026-08-09,336,129
2026-08-10,424,160
2026-08-11,374,170
2026-08-12,394,135
2026-08-13,313,151
2026-08-14,359,145
2026-08-15,305,121
2026-08-16,441,140
2026-08-17,474,171
2026-08-18,332,140
2026-08-19,333,136
2026-08-20,254,126
2026-08-21,270,133
2026-08-22,347,127
2026-08-23,295,114
2026-08-24,279,127
2026-08-25,274,116
2026-08-26,345,144
2026-08-27,300,118
2026-08-28,292,122
2026-08-29,194,95
2026-08-30,238,115
